additional_trackers,alias,discord_id,discord_name,is_franchise_manager,is_free_agent,is_general_manager,is_non_playing,is_retired,league,main_trackerurl,rating,salary,team,tracker_name
,,,SH_Zoro2,False,False,False,False,False,,https://rocketleague.tracker.network/rocket-league/profile/epic/YT-xKuRupTx/mmr?playlist=11,,18.0,Chupacabra,YT-xKuRupTx
,,,Thunder,False,False,False,False,False,,https://rocketleague.tracker.network/rocket-league/profile/steam/76561198170852045/mmr?playlist=11,,18.0,Chupacabra,Thunder
,,,CxL,False,False,False,False,False,,https://rocketleague.tracker.network/rocket-league/profile/epic/NotCxL%20./overview,,17.5,Chupacabra,NotCxL
,,,Wolfie,False,False,False,False,False,,https://rocketleague.tracker.network/rocket-league/profile/steam/76561198818226750/mmr?playlist=11,,17.5,Chupacabra,Wolfie
,,,Cryo,False,False,False,False,False,,https://rocketleague.tracker.network/rocket-league/profile/steam/76561198189494186/mmr?playlist=13,,17.0,Chupacabra,Cryo
,,,Hader,False,False,False,False,False,,https://rocketleague.tracker.network/rocket-league/profile/steam/76561199020038309/mmr?playlist=11,,16.0,Chupacabra,Hader
,,,Just RUG o,False,False,False,False,False,,https://rocketleague.tracker.network/rocket-league/profile/steam/76561198307221890/mmr?playlist=11,,16.0,Chupacabra,Just RUG o
,,,mykopolis,False,False,False,False,False,,https://rocketleague.tracker.network/rocket-league/profile/steam/mykopolis/mmr?playlist=13,,15.5,Chupacabra,myko
,,,Bruhdder,False,False,False,False,False,,https://rocketleague.tracker.network/rocket-league/profile/steam/76561198062406016/mmr?playlist=13,,15.5,Chupacabra,Bruhdder. ;)
,,,Mr. Clean,True,False,False,False,False,,https://rocketleague.tracker.network/rocket-league/profile/epic/TheMrClean./mmr?playlist=13,,15.0,Chupacabra,TheMrClean.
,,,Kryptyik,False,False,False,False,False,,https://rocketleague.tracker.network/rocket-league/profile/steam/76561199020809150/overview,,14.5,Chupacabra,Kryptyik
,,,TheSaucyBandit,False,False,True,False,False,,https://rocketleague.tracker.network/rocket-league/profile/epic/TheSaucyBandit/mmr?playlist=13,,13.5,Chupacabra,TheSaucyBandit
,,,Boombob,False,False,False,False,False,,https://rocketleague.tracker.network/rocket-league/profile/epic/boombob_/mmr?playlist=13,,13.5,Chupacabra,Boombob
,,,Robzzz,False,False,False,False,False,,https://rocketleague.tracker.network/rocket-league/profile/steam/76561198073799186/mmr?playlist=11,,13.5,Chupacabra,Robzzz
,,,JumpshotATL,False,False,False,False,False,,https://rocketleague.tracker.network/rocket-league/profile/epic/jumpshot%20atl/mmr?playlist=11,,12.5,Chupacabra,Jumpshot ATL
,,,SpongeBob,False,False,False,False,False,,https://rocketleague.tracker.network/rocket-league/profile/epic/Spongebob85236/mmr?playlist=11,,12.0,Chupacabra,Spongebob85236
,,,Animethighinspector,False,False,False,False,False,,https://rocketleague.tracker.network/rocket-league/profile/epic/AnimeThighs0626/mmr?playlist=11,,11.0,Chupacabra,AnimeThighs0626
,,,YenYen,False,False,False,False,False,,https://rocketleague.tracker.network/rocket-league/profile/epic/YenYen36/mmr?playlist=13,,11.0,Chupacabra,YenYen36
,,,YoshiWanKenobi,False,False,False,False,False,,https://rocketleague.tracker.network/rocket-league/profile/steam/76561198103341447/mmr?playlist=11,,10.5,Chupacabra,YoshiWanKenoi
,,,Kicker_1,False,False,False,False,False,,https://rocketleague.tracker.network/rocket-league/profile/epic/K1cker_1/mmr?playlist=13,,10.0,Chupacabra,K1cker_1
,,,Aryba,False,False,False,False,False,,https://rocketleague.tracker.network/rocket-league/profile/epic/Aryba./mmr?playlist=11  https://rocketleague.tracker.network/rocket-league/profile/epic/Budget_Evample/overview,,17.0,Eternal,Aryba.
,,,RaunchyRomanian,False,False,False,False,False,,https://rocketleague.tracker.network/rocket-league/profile/epic/RaunchyRomanian/mmr?playlist=11,,16.5,Eternal,RaunchyRomanian
,,,ItalianGini,False,False,False,False,False,,https://rocketleague.tracker.network/rocket-league/profile/epic/ItalianGini1/mmr?playlist=11,,16.0,Eternal,ItalianGini1
,,,Exile,False,False,False,False,False,,https://rocketleague.tracker.network/rocket-league/profile/epic/SimoAspe/mmr?playlist=11,,15.0,Eternal,SimoAspe
,,,Marty112,False,False,False,False,False,,https://rocketleague.tracker.network/rocket-league/profile/epic/shazam_379/mmr?playlist=11,,14.0,Eternal,shazam_379
,,,DZ,False,False,False,False,False,,https://rocketleague.tracker.network/rocket-league/profile/epic/DZ-.-/overview,,13.5,Eternal,DZ
,,,xExileDxTyr,False,False,False,False,False,,https://rocketleague.tracker.network/rocket-league/profile/epic/xExileDxTyr/mmr?playlist=13,,13.0,Eternal,xExileDxTyr
,,,ItzxdKilla-_-,False,False,True,False,False,,https://rocketleague.tracker.network/rocket-league/profile/epic/ItzxdKilla-_-/overview,,12.5,Eternal,ItzxdKilla-_-
,,,Avid,False,False,False,False,False,,https://rocketleague.tracker.network/rocket-league/profile/steam/76561198311357127/mmr?playlist=11,,11.5,Eternal,Avid
,,,xOZZY3609x,False,False,False,False,False,,https://rocketleague.tracker.network/rocket-league/profile/epic/xXOZZY3609Xx/mmr?playlist=13,,11.5,Eternal,xXOZZY3609Xx
,,,ImaJynn,False,False,False,False,False,,https://rocketleague.tracker.network/rocket-league/profile/steam/76561199031100222/mmr?playlist=13,,11.0,Eternal,ImaJynn
,,,Semi_Stupid,False,False,False,False,False,,https://rocketleague.tracker.network/rocket-league/profile/epic/TTV%20Semi_Stupid/overview,,11.0,Eternal,TTV Semi_Stupid
,,,Dohi,False,False,False,False,False,,https://rocketleague.tracker.network/rocket-league/profile/epic/Dohi%20whiffs/mmr?playlist=11,,11.0,Eternal,Dohi whiffs
,,,ItsFlowZa,False,False,False,False,False,,https://rocketleague.tracker.network/rocket-league/profile/epic/ItsFlowZa/overview,,10.0,Eternal,ItsFlowZa
,,,Munchy,False,False,False,False,False,,https://rocketleague.tracker.network/rocket-league/profile/steam/76561198128277117/mmr?playlist=11,,17.0,Killer Clowns,Munchy
,,,Hollow,False,False,False,False,False,,https://rocketleague.tracker.network/rocket-league/profile/steam/76561199092627298/mmr?playlist=11 https://rocketleague.tracker.network/rocket-league/profile/steam/76561198912684473/overview,,16.5,Killer Clowns,RIP GOOBA
,,,JimmyG,False,False,False,False,False,,https://rocketleague.tracker.network/rocket-league/profile/steam/76561198151517662/mmr?playlist=11,,16.0,Killer Clowns,†orro
,,,AngryTurtle,False,False,False,False,False,,https://rocketleague.tracker.network/rocket-league/profile/epic/angryturtle./mmr?playlist=13,,15.5,Killer Clowns,AngryTurtle.
,,,Brodysseus,False,False,False,False,False,,https://rocketleague.tracker.network/rocket-league/profile/steam/76561199049849273/mmr?playlist=13,,15.0,Killer Clowns,Brodysseus
,,,Doc,True,False,False,False,False,,https://rocketleague.tracker.network/rocket-league/profile/steam/76561198125801874/mmr?playlist=13,,14.0,Killer Clowns,Doc
,,,YTstorm,False,False,False,False,False,,https://rocketleague.tracker.network/rocket-league/profile/epic/Ytstormm/overview,,14.0,Killer Clowns,YTstorm
,,,Osh Die Er,False,False,False,False,False,,https://rocketleague.tracker.network/rocket-league/profile/steam/76561198408538011/mmr?playlist=11,,13.5,Killer Clowns,Osh.
,,,Ryleppo,False,False,False,False,False,,https://rocketleague.tracker.network/rocket-league/profile/steam/76561198165693963/mmr?playlist=11,,13.0,Killer Clowns,Beppo
,,,CheeseCake Owns,False,False,False,False,False,,https://rocketleague.tracker.network/rocket-league/profile/epic/CheeseCakes%20Own/overview,,13.0,Killer Clowns,CheeseCakes
,,,Mio,False,False,False,False,False,,https://rocketleague.tracker.network/rocket-league/profile/epic/Mio_2224/mmr?playlist=11,,13.0,Killer Clowns,Mio
,,,The Big Payton,False,False,False,False,False,,https://rocketleague.tracker.network/rocket-league/profile/steam/76561198103339227/mmr?playlist=11,,12.0,Killer Clowns,The Big Payton
,,,Lil Reaper,False,False,False,False,False,,https://rocketleague.tracker.network/rocket-league/profile/epic/styx%20%EF%BD%BC/mmr?playlist=11,,11.5,Killer Clowns,styx
,,,Xerm,False,False,False,False,False,,https://rocketleague.tracker.network/rocket-league/profile/epic/xerm./mmr?playlist=11,,10.5,Killer Clowns,Xerm
,,,KitKat,False,False,False,False,False,,https://rocketleague.tracker.network/rocket-league/profile/epic/SerenityKitKat/mmr?playlist=11,,10.0,Killer Clowns,SerenityKitKat
,,,Winter,False,False,True,False,False,,https://rocketleague.tracker.network/rocket-league/profile/steam/76561198846432528/mmr?playlist=13,,16.0,Martian,Winter
,,,Turbofuego,False,False,False,False,False,,https://rocketleague.tracker.network/rocket-league/profile/epic/Turbofuego/mmr?playlist=13,,15.0,Martian,Turbofuego
,,,art,True,False,False,False,False,,https://rocketleague.tracker.network/rocket-league/profile/steam/76561198221223772/mmr?playlist=11,,15.0,Martian,arteza
,,,Stawify,False,False,False,False,False,,https://rocketleague.tracker.network/rocket-league/profile/xbl/Stawify/mmr?playlist=11,,15.0,Martian,Stawify
,,,kaz ♪︎,False,False,False,False,False,,https://rocketleague.tracker.network/rocket-league/profile/steam/76561198856296157/mmr?playlist=13,,14.0,Martian,kazu san. ♪
,,,paystrip,False,False,False,False,False,,https://rocketleague.tracker.network/rocket-league/profile/steam/76561199073881457/mmr?playlist=11,,13.0,Martian,B_oneDR
,,,plattypus,False,False,False,False,False,,https://rocketleague.tracker.network/rocket-league/profile/epic/plattypus./mmr?playlist=11,,13.0,Martian,splattypus
,,,Sk1nnyLegend,False,False,False,False,False,,https://rocketleague.tracker.network/rocket-league/profile/steam/76561199076231361/mmr?playlist=11,,13.0,Martian,Sk1nnyLegend
,,,Cam_DxD,False,False,False,False,False,,https://rocketleague.tracker.network/rocket-league/profile/epic/Cam_DxD/mmr?playlist=13,,11.5,Martian,Cam_DxD
,,,XerNaut,False,False,False,False,False,,https://rocketleague.tracker.network/rocket-league/profile/epic/XerNaut/mmr?playlist=13,,11.0,Martian,XerNaut
,,,ImLeo,False,False,False,False,False,,https://rocketleague.tracker.network/rocket-league/profile/steam/76561199078898995/mmr?playlist=11,,17.0,Minotaur,NotLeo
,,,Drakob,False,False,False,False,False,,https://rocketleague.tracker.network/rocket-league/profile/steam/76561198893434706/overview,,16.5,Minotaur,Drakob
,,,Mochi,False,False,False,False,False,,https://rocketleague.tracker.network/rocket-league/profile/steam/76561199013322058/mmr?playlist=13,,15.5,Minotaur,Mochi
,,,SINDER,False,False,False,False,False,,https://rocketleague.tracker.network/rocket-league/profile/steam/76561198449492461/mmr?playlist=13,,15.0,Minotaur,SINDER
,,,gxxvm,False,False,False,False,False,,https://rocketleague.tracker.network/rocket-league/profile/steam/76561198273998959/mmr?playlist=11,,14.5,Minotaur,Gxxvm
,,,Kkube,False,False,False,False,False,,https://rocketleague.tracker.network/rocket-league/profile/steam/76561198027890950/mmr?playlist=13,,13.0,Minotaur,kkube
,,,Bearded Angler,False,False,False,False,False,,https://rocketleague.tracker.network/rocket-league/profile/psn/KYG_DEMON-_-TAE/mmr?playlist=13,,13.0,Minotaur,KYG_DEMON-_-TAE
,,,StaTik,False,False,False,False,False,,https://rocketleague.tracker.network/rocket-league/profile/epic/StaTik%20SecasiaN/mmr?playlist=11,,12.5,Minotaur,StaTik SecasiaN
,,,West,False,False,False,False,False,,https://rocketleague.tracker.network/rocket-league/profile/epic/Wisps_Wizzy/mmr?playlist=11,,12.5,Minotaur,Wisps_Wizzy
,,,WarRat,False,False,False,False,False,,https://rocketleague.tracker.network/rocket-league/profile/steam/76561198151942830/mmr?playlist=11,,12.0,Minotaur,WarRat
,,,Shafferboy,False,False,False,False,False,,https://rocketleague.tracker.network/rocket-league/profile/epic/justin100004/mmr?playlist=11,,11.5,Minotaur,justin100004
,,,TitanPolus,False,False,False,False,False,,https://rocketleague.tracker.network/rocket-league/profile/epic/Titan%20Polus/mmr?playlist=13,,11.0,Minotaur,Titan Polus
,,,Dugger,False,False,True,False,False,,https://rocketleague.tracker.network/rocket-league/profile/epic/DubiousDugger/mmr?playlist=11,,10.0,Minotaur,DubiousDugger
,,,CrucialUrchin98,False,False,False,False,False,,https://rocketleague.tracker.network/rocket-league/profile/xbl/CrucialUrchin98/mmr?playlist=11,,10.0,Minotaur,CrucialUrchin98
,,,Mercury ,True,False,False,False,False,,https://rocketleague.tracker.network/rocket-league/profile/psn/vcwmercury/mmr?playlist=11,,9.0,Minotaur,vcwmercury
,,,Dark-Node,False,False,False,False,False,,https://rocketleague.tracker.network/rocket-league/profile/epic/Dark-Node/overview,,8.0,Minotaur,Dark-Node
,,,DarkLotus,False,False,False,False,False,,https://rocketleague.tracker.network/rocket-league/profile/psn/DevineDream6542/mmr?playlist=13,,7.5,Minotaur,DevineDream
,,,HectoChip,False,False,False,False,False,,https://rocketleague.tracker.network/rocket-league/profile/steam/76561198015625546/mmr?playlist=13,,18.5,Mothmen,HectoChip
,,,fate,False,False,False,False,False,,https://rocketleague.tracker.network/rocket-league/profile/steam/76561198834785656/mmr?playlist=13,,18.5,Mothmen,Jamo
,,,Spooky,False,False,False,False,False,,https://rocketleague.tracker.network/rocket-league/profile/steam/76561198872609558/mmr?playlist=13,,18.0,Mothmen,Spooky
,,,owen,False,False,False,False,False,,https://rocketleague.tracker.network/rocket-league/profile/steam/76561198345395638/mmr?playlist=11,,17.5,Mothmen,shmowen
,,,Jay,False,False,False,False,False,,https://rocketleague.tracker.network/rocket-league/profile/steam/76561198964745360/mmr?playlist=13,,17.0,Mothmen,jay
,,,Jerms.,False,False,False,False,False,,https://rocketleague.tracker.network/rocket-league/profile/steam/76561198411666473/overview,,16.5,Mothmen,Jdogg
,,,Jarhead,False,False,False,False,False,,https://rocketleague.tracker.network/rocket-league/profile/steam/76561198356038988/overview ,,16.0,Mothmen,Jarhead
,,,Bowser,False,False,False,False,False,,https://rocketleague.tracker.network/rocket-league/profile/epic/BOWSER_RL/mmr?playlist=11,,15.5,Mothmen,BOWSER_RL
,,,Branbino,False,False,True,False,False,,https://rocketleague.tracker.network/rocket-league/profile/epic/Branbino-/overview,,15.0,Mothmen,Branbino-
,,,AwfulMusic,False,False,False,False,False,,https://rocketleague.tracker.network/rocket-league/profile/epic/AwfulMusic/mmr?playlist=13,,15.0,Mothmen,AwfulMusic
,,,SYNLESSX,False,False,False,False,False,,https://rocketleague.tracker.network/rocket-league/profile/epic/SYNLESSX/mmr?playlist=13,,14.5,Mothmen,SYNLESSX
,,,Rover,False,False,False,False,False,,https://rocketleague.tracker.network/rocket-league/profile/steam/76561198134448558/mmr?playlist=13,,14.0,Mothmen,Rover
,,,hyperscale,False,False,False,False,False,,https://rocketleague.tracker.network/rocket-league/profile/epic/Hyperscale/mmr?playlist=11 https://rocketleague.tracker.network/rocket-league/profile/steam/76561198039186226/overview ,,13.5,Mothmen,Hyperscale
,,,LaBarey,False,False,False,False,False,,https://rocketleague.tracker.network/rocket-league/profile/epic/LaBarey/mmr?playlist=13,,13.0,Mothmen,LaBarey
,,,Dragoneyes,False,False,False,False,False,,https://rocketleague.tracker.network/rocket-league/profile/epic/DragonEyes9/mmr?playlist=13,,12.5,Mothmen,DragonEyes9
,,,ríkr.,False,False,False,False,False,,https://rocketleague.tracker.network/rocket-league/profile/epic/ríkr./overview,,12.0,Mothmen,BabyLeth
,,,Freel,False,False,False,False,False,,https://rocketleague.tracker.network/rocket-league/profile/epic/Choujin%20XV/mmr?playlist=11,,11.5,Mothmen,Choujin XV
,,,FrickinPanda,False,False,False,False,False,,https://rocketleague.tracker.network/rocket-league/profile/epic/Frickin_Panda/mmr?playlist=13,,11.0,Mothmen,Frickin_Panda
,,,Knoqz,False,False,False,False,False,,https://rocketleague.tracker.network/rocket-league/profile/epic/Knoqz%20IV/mmr?playlist=13,,11.0,Mothmen,Knoqz IV
,,,DanDaMan,False,False,False,False,False,,https://rocketleague.tracker.network/rocket-league/profile/epic/Dandaman1234/overview,,9.0,Mothmen,Dandaman
,,,Mazda,False,False,False,False,False,,https://rocketleague.tracker.network/rocket-league/profile/xbl/MJ4490/mmr?playlist=11,,9.0,Mothmen,Mazda
,,,Bigdikb,False,False,False,False,False,,https://rocketleague.tracker.network/rocket-league/profile/epic/MaCk_DaDdY_21/overview,,7.5,Mothmen,MaCk_DaDdY_21
,,,Glitch,False,False,False,False,False,,https://rocketleague.tracker.network/rocket-league/profile/xbl/TBS%20Bot7980/overview,,6.0,Mothmen,Glitch
,,,Purple,False,False,False,False,False,,https://rocketleague.tracker.network/rocket-league/profile/epic/nL_Purple/mmr?playlist=11,,12.5,Mothmen,nL_Purple
,,,Afterburner,False,False,False,False,False,,https://rocketleague.tracker.network/rocket-league/profile/epic/afterburner3375/mmr?playlist=13,,18.0,Non Playing,afterburner3375
,,,Kaydo,True,False,False,False,False,,https://rocketleague.tracker.network/rocket-league/profile/steam/76561198213437315/mmr?playlist=11,,17.5,Non Playing,MaybeJakey
,,,tdmakk,False,False,False,False,False,,https://rocketleague.tracker.network/rocket-league/profile/steam/76561198048976909/mmr?playlist=13,,17.5,Non Playing,MAKK! NoMic
,,,South,False,False,False,False,False,,https://rocketleague.tracker.network/rocket-league/profile/steam/76561198221545616/mmr?playlist=13,,17.5,Non Playing,<ö>
,,,Hank,False,False,False,False,False,,https://rocketleague.tracker.network/rocket-league/profile/steam/76561199062985312/mmr?playlist=13,,17.0,Non Playing,Hank
,,,FlyFyre,False,False,False,False,False,,https://rocketleague.tracker.network/rocket-league/profile/epic/FlyFyre./mmr?playlist=11,,16.5,Non Playing,FlyFyre
,,,GameBuster,False,False,False,False,False,,https://rocketleague.tracker.network/rocket-league/profile/epic/RealGameBuster/mmr?playlist=11,,16.0,Non Playing,RealGameBuster
,,,XotiicWC,False,False,False,False,False,,https://rocketleague.tracker.network/rocket-league/profile/epic/BulletTRL/mmr?playlist=13,,15.5,Non Playing,Bullet Bullet
,,,Buckle,False,False,False,False,False,,https://rocketleague.tracker.network/rocket-league/profile/steam/76561198158173664/mmr?playlist=11,,15.0,Non Playing,Buckle
,,,Reverse Fridge,False,False,False,False,False,,https://rocketleague.tracker.network/rocket-league/profile/steam/76561198084036498/overview,,14.5,Non Playing,Reverse Fridge
,,,Lol77,False,False,False,False,False,,https://rocketleague.tracker.network/rocket-league/profile/xbl/EKA%20Luminous/mmr?playlist=11,,14.0,Non Playing,EKA Luminous
,,,Mayhem,False,False,False,False,False,,https://rocketleague.tracker.network/rocket-league/profile/steam/76561198167495725/mmr?playlist=11,,14.0,Non Playing,Mayhem
,,,Devastation,False,False,False,False,False,,https://rocketleague.tracker.network/rocket-league/profile/steam/76561198334621694/mmr?playlist=11,,13.0,Non Playing,Final Boss Karen
,,,central_tv,False,False,False,False,False,,https://rocketleague.tracker.network/rocket-league/profile/epic/CentralTTV/mmr?playlist=11,,13.0,Non Playing,CentralTTV
,,,Cranked,False,False,False,False,False,,https://rocketleague.tracker.network/rocket-league/profile/steam/76561198323990338/mmr?playlist=11,,13.0,Non Playing,Cranked
,,,GG Teddible,False,False,False,False,False,,https://rocketleague.tracker.network/rocket-league/profile/steam/76561198257618414/mmr?playlist=11,,11.5,Non Playing,GG Teddible
,,,TyTheGuy,False,False,False,False,False,,https://rocketleague.tracker.network/rocket-league/profile/epic/SirGoodMan05/overview,,11.0,Non Playing,SirGoodMan05
,,,DJ45X,False,False,False,False,False,,https://rocketleague.tracker.network/rocket-league/profile/steam/76561198108021396/mmr?playlist=11,,11.0,Non Playing,DJ45X
,,,Pufi,False,False,False,False,False,,https://rocketleague.tracker.network/rocket-league/profile/epic/Pufi-_/mmr?playlist=13,,10.5,Non Playing,Pufi-_-
,,,.greyalien,False,False,False,False,False,,https://rocketleague.tracker.network/rocket-league/profile/steam/76561198843043846/overview,,10.5,Non Playing,Grey
,,,Nubz,False,False,False,False,False,,https://rocketleague.tracker.network/rocket-league/profile/steam/76561198034126527/overview,,10.0,Non Playing,Nubz
,,,crossfire,False,False,False,False,False,,https://rocketleague.tracker.network/rocket-league/profile/steam/76561198331536746/mmr?playlist=13 ,,16.5,Nymph,craws fire
,,,Hot Sauce,False,False,True,False,False,,https://rocketleague.tracker.network/rocket-league/profile/steam/76561198116048132/overview,,16.5,Nymph,Zracii<3
,,,SkylerNotSkylar,False,False,False,False,False,,https://rocketleague.tracker.network/rocket-league/profile/steam/76561198303389829/mmr?playlist=11 https://rocketleague.tracker.network/rocket-league/profile/epic/IceCobalt/overview,,16.0,Nymph,Skyler
,,,Daylon,False,False,False,False,False,,https://rocketleague.tracker.network/rocket-league/profile/steam/76561198237849978/mmr?playlist=13,,16.0,Nymph,Daylon
,,,itzmooserl,True,False,False,False,False,,https://rocketleague.tracker.network/rocket-league/profile/epic/ωmoose./overview,,15.0,Nymph,wmoose.
,,,JKFrost,False,False,False,False,False,,https://rocketleague.tracker.network/rocket-league/profile/epic/JKFrostyyyyy/mmr?playlist=11,,15.0,Nymph,JKFrostyyyyy
,,,chxppa,False,False,False,False,False,,https://rocketleague.tracker.network/rocket-league/profile/xbl/Chxppasing/mmr?playlist=11,,14.5,Nymph,chxppa
,,,Dave,False,False,False,False,False,,https://rocketleague.tracker.network/rocket-league/profile/steam/76561198127687309/mmr?playlist=13,,14.0,Nymph,Dave93
,,,iLLuZioN,False,False,False,False,False,,https://rocketleague.tracker.network/rocket-league/profile/steam/345634563546345634563456/mmr?playlist=11,,13.5,Nymph,iLLuZioN
,,,Mr. R4NCH,False,False,False,False,False,,https://rocketleague.tracker.network/rocket-league/profile/xbl/Waifu%20Kewn/mmr?playlist=13 ,,13.0,Nymph,Waifu Kewn
,,,MSFT SWZYY,False,False,False,False,False,,https://rocketleague.tracker.network/rocket-league/profile/xbl/SWZYY%20GN/mmr?playlist=11,,12.5,Nymph,SWZYY GN
,,,K-9,False,False,False,False,False,,https://rocketleague.tracker.network/rocket-league/profile/epic/Itz%20Just%20K9/mmr?playlist=11,,11.0,Nymph,ItZ just K9
,,,BigCountry,False,False,False,False,False,,https://rocketleague.tracker.network/rocket-league/profile/steam/76561198018128432/mmr?playlist=11,,11.0,Nymph,BigCountry
,,,OGTHEASSASSIN,False,False,False,False,False,,https://rocketleague.tracker.network/rocket-league/profile/steam/76561198993846208/mmr?playlist=11,,11.0,Nymph,ogtheassassin
,,,goonkiloz,False,False,False,False,False,,https://rocketleague.tracker.network/rocket-league/profile/epic/GoonKiloz/mmr?playlist=11,,10.0,Nymph,GoonKiloz
,,,RL Camaro,False,False,False,False,False,,https://rocketleague.tracker.network/rocket-league/profile/epic/RL%20Camaro/overview,,10.0,Nymph,Camaro
,,,Zenzen0607,False,False,False,False,False,,https://rocketleague.tracker.network/rocket-league/profile/epic/Zenzen0607/mmr?playlist=11,,9.5,Nymph,Zenzen0607
,,,OEGliam7654b,False,False,False,False,False,,https://rocketleague.tracker.network/rocket-league/profile/xbl/oegliam7654b/mmr?playlist=13,,8.0,Nymph,OEGliam7654b
,,,Himothy,False,False,False,False,False,,https://rocketleague.tracker.network/rocket-league/profile/epic/HisHimothy/mmr?playlist=13,,8.0,Nymph,HisHimothy
,,,the_seizz,False,False,False,False,False,,https://rocketleague.tracker.network/rocket-league/profile/epic/THE%20SEIZZ/mmr?playlist=11,,8.0,Nymph,THE SEIZZ
,,,Garebear,False,False,False,False,False,,https://rocketleague.tracker.network/rocket-league/profile/steam/76561198239732128/mmr?playlist=11,,16.5,Peryton,Garebear
,,,Larxse,False,False,False,False,False,,https://rocketleague.tracker.network/rocket-league/profile/steam/76561198125749240/mmr?playlist=13,,16.5,Peryton,Larxse
,,,Mealey,False,False,False,False,False,,https://rocketleague.tracker.network/rocket-league/profile/epic/Mealey/mmr?playlist=11,,16.0,Peryton,Mealey
,,,Silvose,False,False,True,False,False,,https://rocketleague.tracker.network/rocket-league/profile/steam/76561198178636947/mmr?playlist=11,,15.5,Peryton,Silvose
,,,ColemanA,False,False,False,False,False,,https://rocketleague.tracker.network/rocket-league/profile/epic/coilmoin/overview,,15.5,Peryton,coilman
,,,Buhg,False,False,False,False,False,,https://rocketleague.tracker.network/rocket-league/profile/steam/76561198245503756/mmr?playlist=11,,15.0,Peryton,Buhg
,,,Dasstri,False,False,False,False,False,,https://rocketleague.tracker.network/rocket-league/profile/epic/Dasstri/mmr?playlist=13,,15.0,Peryton,Dasstri
,,,rooguy,False,False,False,False,False,,https://rocketleague.tracker.network/rocket-league/profile/epic/Rooguy1617/overview,,14.5,Peryton,Rooguy1617
,,,Zero,False,False,False,False,False,,https://rocketleague.tracker.network/rocket-league/profile/steam/76561198892634244/mmr?playlist=13,,14.0,Peryton,Asuna
,,,3stans_cleaned_up,False,False,False,False,False,,https://rocketleague.tracker.network/rocket-league/profile/psn/THREESTANS/mmr?playlist=13,,13.0,Peryton,THREESTANS
,,,Spydderr,False,False,False,False,False,,https://rocketleague.tracker.network/rocket-league/profile/steam/76561198059117435/mmr?playlist=11,,13.0,Peryton,Spyder
,,,Awesome Bill From Dawsonville,False,False,False,False,False,,https://rocketleague.tracker.network/rocket-league/profile/steam/76561198048506526/mmr?playlist=13,,12.0,Peryton,Awesome Bill From Dawsonville
,,,Arana,False,False,False,False,False,,https://rocketleague.tracker.network/rocket-league/profile/epic/Arana5418/overview,,11.0,Peryton,Arana5418
,,,yuki,False,False,False,False,False,,https://rocketleague.tracker.network/rocket-league/profile/epic/%C3%9Dukihara/mmr?playlist=11,,10.0,Peryton,Yukihara
,,,Almond_Pie,False,False,False,False,False,,https://rocketleague.tracker.network/rocket-league/profile/epic/Almond_Pie%20on%20YT/mmr?playlist=13,,10.0,Peryton,Almond_Pie
,,,Exy,False,False,False,False,False,,https://rocketleague.tracker.network/rocket-league/profile/steam/76561198968676036/mmr?playlist=11,,19.0,Sasquatch,Exy
,,,Kaden,False,False,False,False,False,,https://rocketleague.tracker.network/rocket-league/profile/steam/76561198939053487/mmr?playlist=13,,17.5,Sasquatch,kaden.
,,,Chadley,False,False,False,False,False,,https://rocketleague.tracker.network/rocket-league/profile/steam/76561198985167078/mmr?playlist=13,,17.5,Sasquatch,Chadley
,,,Onyx,False,False,False,False,False,,https://rocketleague.tracker.network/rocket-league/profile/epic/Onyx%20zx6r/mmr?playlist=11,,17.0,Sasquatch,808_n4 on IG
,,,Skippy,False,False,False,False,False,,https://rocketleague.tracker.network/rocket-league/profile/epic/richandflex/mmr?playlist=13,,16.5,Sasquatch,richandflex
,,,Red nova ultimate,True,False,False,False,False,,https://rocketleague.tracker.network/rocket-league/profile/epic/RedNovaUltimate/mmr?playlist=13,,15.5,Sasquatch,RedNovaUltimate
,,,Empathy,False,False,False,False,False,,https://rocketleague.tracker.network/rocket-league/profile/steam/76561199085983411/mmr?playlist=11,,15.5,Sasquatch,No Empathy
,,,Aon,False,False,False,False,False,,https://rocketleague.tracker.network/rocket-league/profile/steam/76561199013249965/mmr?playlist=11,,15.0,Sasquatch,AON
,,,SkyGuy,False,False,False,False,False,,https://rocketleague.tracker.network/rocket-league/profile/steam/76561198845146894/mmr?playlist=11,,15.0,Sasquatch,SkyGuy
,,,Postmanxxvii,False,False,False,False,False,,https://rocketleague.tracker.network/rocket-league/profile/steam/76561199053789641/mmr?playlist=13,,14.5,Sasquatch,Postmanxxvii
,,,Haze8489,False,False,False,False,False,,https://rocketleague.tracker.network/rocket-league/profile/steam/76561199077437991/overview,,13.5,Sasquatch,Haze=)
,,,Tragic Upset,False,False,False,False,False,,https://rocketleague.tracker.network/rocket-league/profile/steam/76561199057898168/mmr?playlist=11,,13.5,Sasquatch,Tragic Upset
,,,Blitz,False,False,True,False,False,,https://rocketleague.tracker.network/rocket-league/profile/steam/76561198021268578/mmr?playlist=11,,13.0,Sasquatch,Blitz
,,,Jtonasty,False,False,False,False,False,,https://rocketleague.tracker.network/rocket-league/profile/epic/JTooNasty/mmr?playlist=11,,12.5,Sasquatch,JTooNasty
,,,OneMoreProphet,False,False,False,False,False,,https://rocketleague.tracker.network/rocket-league/profile/steam/76561198128571889/overview,,12.5,Sasquatch,OneMoreProphet
,,,Royalty ,False,False,False,False,False,,https://rocketleague.tracker.network/rocket-league/profile/steam/76561198982862143/mmr?playlist=13,,12.0,Sasquatch,Royalty 
,,,Burky,False,False,False,False,False,,https://rocketleague.tracker.network/rocket-league/profile/epic/Burkyツ/mmr?playlist=13,,11.5,Sasquatch,Burkyツ
,,,Pr0phete,False,False,False,False,False,,https://rocketleague.tracker.network/rocket-league/profile/steam/76561198079357460/mmr?playlist=13,,11.0,Sasquatch,Pr0phete
,,,L_e_v_i.,False,False,False,False,False,,https://rocketleague.tracker.network/rocket-league/profile/epic/Lévii/overview,,10.5,Sasquatch,Lévii
,,,Sylo shotzz,False,False,False,False,False,,https://rocketleague.tracker.network/rocket-league/profile/epic/SyLo_ShOtZz/mmr?playlist=11,,17.0,Space cadets,SyLo_ShOtZz
,,,Rose_Havoc,False,False,False,False,False,,https://rocketleague.tracker.network/rocket-league/profile/steam/76561198976384304/mmr?playlist=11,,16.5,Space cadets,Rose_Havoc97
,,,SyZuHRp,False,False,False,False,False,,https://rocketleague.tracker.network/rocket-league/profile/epic/syzuhrp/mmr?playlist=11,,15.5,Space cadets,SyZuHRp
,,,Mai,False,False,False,False,False,,https://rocketleague.tracker.network/rocket-league/profile/steam/76561198439088910/mmr?playlist=11,,15.0,Space cadets,Mai
,,,Bditty88,False,False,False,False,False,,https://rocketleague.tracker.network/rocket-league/profile/steam/76561198360998721/mmr?playlist=11,,13.5,Space cadets,Bditty88
,,,frankthebarber90,False,False,False,False,False,,https://rocketleague.tracker.network/rocket-league/profile/epic/Frankthebarber91/overview,,13.0,Space cadets,Frankthebarber91
,,,Xeia,False,False,False,False,False,,https://rocketleague.tracker.network/rocket-league/profile/steam/76561198026736312/mmr?playlist=13,,13.0,Space cadets,Xeia
,,,Quick_Koala,False,False,True,False,False,,https://rocketleague.tracker.network/rocket-league/profile/steam/76561198839066992/overview,,11.5,Space cadets,Quick_Koala
,,,JoshhhWah,False,False,False,False,False,,https://rocketleague.tracker.network/rocket-league/profile/steam/76561198824584799/mmr?playlist=13,,11.0,Space cadets,JoshhhWah
,,,prestondew00,False,False,False,False,False,,https://rocketleague.tracker.network/rocket-league/profile/epic/prestondew00/mmr?playlist=11,,11.0,Space cadets,prestondew00
,,,Griimthereaper,True,False,False,False,False,,https://rocketleague.tracker.network/rocket-league/profile/epic/GriimthereapeR/overview,,10.0,Space cadets,GriimthereapeR
,,,Sttowe,False,False,False,False,False,,https://rocketleague.tracker.network/rocket-league/profile/psn/Sttowe/mmr?playlist=11,,10.0,Space cadets,Sttowe
,,,Lewacky,False,False,False,False,False,,https://rocketleague.tracker.network/rocket-league/profile/steam/76561198876375689/mmr?playlist=11,,9.5,Space cadets,Lewacky
,,,mattisok,False,False,False,False,False,,?,,8.5,Space cadets,Mattisok
,,,Krioni11,False,False,False,False,False,,https://rocketleague.tracker.network/rocket-league/profile/epic/Krioni11/mmr?playlist=11,,8.0,Space cadets,Krioni11
,,,Jubilee.,False,False,False,False,False,,https://rocketleague.tracker.network/rocket-league/profile/psn/Jubliee_choco/mmr?playlist=11,,6.0,Space cadets,Jubliee_choco
,,,Liptenjag,False,False,False,False,False,,https://rocketleague.tracker.network/rocket-league/profile/epic/Liptenjag1/overview,,15.5,Visitors,Liptenjag1
,,,Josh,False,False,False,False,False,,https://rocketleague.tracker.network/rocket-league/profile/epic/RancidBug726/mmr?playlist=13,,15.0,Visitors,RancidBug726
,,,Dad,False,False,False,False,False,,https://rocketleague.tracker.network/rocket-league/profile/steam/Flint5tone/mmr?playlist=13,,15.0,Visitors,Flint5tone
,,,Yz,False,False,False,False,False,,https://rocketleague.tracker.network/rocket-league/profile/steam/76561198149874360/mmr?playlist=11,,15.0,Visitors,Yz
,,,AriseGG,False,False,False,False,False,,https://rocketleague.tracker.network/rocket-league/profile/psn/Islay-gg/mmr?playlist=11,,14.5,Visitors,ISlay-GG
,,,Flyxr,False,False,True,False,False,,https://rocketleague.tracker.network/rocket-league/profile/epic/Flyxrs.TTV/mmr?playlist=13,,14.0,Visitors,Flyxr
,,,RedemptionKing,False,False,False,False,False,,https://rocketleague.tracker.network/rocket-league/profile/epic/RedemptionKing1/mmr?playlist=11,,13.5,Visitors,Redemptionking1
,,,jmac4192,False,False,False,False,False,,https://rocketleague.tracker.network/rocket-league/profile/epic/Divinebull1/overview,,12.5,Visitors,DivineBull1
,,,el_sisko,False,False,False,False,False,,https://rocketleague.tracker.network/rocket-league/profile/epic/el_sisko/mmr?playlist=13,,12.0,Visitors,el_sisko
,,,ollie0416,False,False,False,False,False,,https://rocketleague.tracker.network/rocket-league/profile/epic/tiktok%20aiollie./mmr?playlist=13 ,,11.5,Visitors,tiktok aiollie.
,,,cory_tg79,False,False,False,False,False,,https://rocketleague.tracker.network/rocket-league/profile/xbl/corythegod79/mmr?playlist=11,,11.0,Visitors,corythegod79
,,,taint tickler,False,False,False,False,False,,https://rocketleague.tracker.network/rocket-league/profile/epic/Ego%20Barry/mmr?playlist=11,,10.0,Visitors,Ego Barry
,,,Alert,False,False,False,False,False,,https://rocketleague.tracker.network/rocket-league/profile/steam/76561198861308149/overview,,19.0,Wendigo,Massimo
,,,zero,False,False,False,False,False,,https://rocketleague.tracker.network/rocket-league/profile/epic/Zero.rl/mmr?playlist=13,,18.5,Wendigo,Zero.rl
,,,Slvr.,False,False,False,False,False,,https://rocketleague.tracker.network/rocket-league/profile/steam/76561198847006508/mmr?playlist=13,,17.0,Wendigo,Slvr.
,,,Kills,False,False,False,False,False,,https://rocketleague.tracker.network/rocket-league/profile/xbl/Sacredpeaks/overview,,16.5,Wendigo,Sacredpeaks
,,,Mightie,False,False,False,False,False,,https://rocketleague.tracker.network/rocket-league/profile/epic/mightie31/mmr?playlist=11,,16.0,Wendigo,Mightie
,,,TWO PIECE SAM,False,False,False,False,False,,https://rocketleague.tracker.network/rocket-league/profile/steam/76561198023350836/mmr?playlist=11,,15.5,Wendigo,ImSoApplee
,,,Oddety_,False,False,False,False,False,,https://rocketleague.tracker.network/rocket-league/profile/epic/Oddety_/overview,,15.0,Wendigo,Oddety_
,,,cordiaL,False,False,False,False,False,,https://rocketleague.tracker.network/rocket-league/profile/steam/76561198243092472/mmr?playlist=11,,15.0,Wendigo,cordiaL
,,,RuebenSandwich,False,False,False,False,False,,https://rocketleague.tracker.network/rocket-league/profile/steam/76561198027275895/mmr?playlist=13,,14.0,Wendigo,RuebenSandwich
,,,FactionsofWar,False,False,True,False,False,,https://rocketleague.tracker.network/rocket-league/profile/epic/Factions_of_War/mmr?playlist=11,,13.5,Wendigo,Factions_of_War
,,,Bee,False,False,False,False,False,,https://rocketleague.tracker.network/rocket-league/profile/steam/76561198356798325/mmr?playlist=11,,13.5,Wendigo,Bee
,,,Fenrir,True,False,False,False,False,,https://rocketleague.tracker.network/rocket-league/profile/steam/76561198419272772/overview. https://rocketleague.tracker.network/rocket-league/profile/epic/W01F%20of%20Valhalla/overview ,,12.5,Wendigo,Fenrir
,,,Chef,False,False,False,False,False,,https://rocketleague.tracker.network/rocket-league/profile/epic/therealchef86/mmr?playlist=13,,12.0,Wendigo,TheRealChef86
,,,Big_marv,False,False,False,False,False,,https://rocketleague.tracker.network/rocket-league/profile/epic/big_marv409/mmr?playlist=11,,11.5,Wendigo,Big_marv
,,,Fluffy_Geezer,False,False,False,False,False,,https://rocketleague.tracker.network/rocket-league/profile/epic/Flufffy_Geezer/mmr?playlist=11,,11.0,Wendigo,Flufffy_Geezer
,,,CodyKansas,False,False,False,False,False,,https://rocketleague.tracker.network/rocket-league/profile/epic/Codykansas/mmr?playlist=11,,11.0,Wendigo,CodyKansas
,,,ahmedsa,False,False,False,False,False,,https://rocketleague.tracker.network/rocket-league/profile/epic/Thritis/mmr?playlist=11,,17.5,,Thritis
,,,slayn7081,False,False,False,False,False,,https://rocketleague.tracker.network/rocket-league/profile/epic/highii2k/mmr?playlist=13,,17.5,,highii2k
,,,roxy,False,False,False,False,False,,https://rocketleague.tracker.network/rocket-league/profile/steam/76561198869783814/mmr?playlist=11,,17.5,,roxy
,,,Jolt,False,False,False,False,False,,https://rocketleague.tracker.network/rocket-league/profile/steam/76561198905595676/mmr?playlist=13,,17.0,,Jolt
,,,intuitives,False,False,False,False,False,,https://rocketleague.tracker.network/rocket-league/profile/epic/intuitivess/mmr?playlist=11,,16.0,,intuitivess
,,,dewbert.,False,False,False,False,False,,https://rocketleague.tracker.network/rocket-league/profile/steam/76561198414471456/mmr?playlist=13,,15.0,,Dewby
,,,Pewdabear,False,False,False,False,False,,https://rocketleague.tracker.network/rocket-league/profile/epic/iiPewDaBearii/mmr,,13.5,,iiPewDaBearii
,,,LogiCC,False,False,False,False,False,,https://rocketleague.tracker.network/rocket-league/profile/epic/CallMeLogiCC/mmr?playlist=11,,13.0,,CallMeLogiCC
,,,Yoyo,False,False,False,False,False,,https://rocketleague.tracker.network/rocket-league/profile/steam/76561198342888277/mmr?playlist=11,,12.5,,SlavicYoyo
,,,FayRose.,False,False,False,False,False,,https://rocketleague.tracker.network/rocket-league/profile/epic/FayRose.217/mmr?playlist=13,,9.0,,FayRose.217
,,,Lobby Boyy,False,False,False,False,False,,https://rocketleague.tracker.network/rocket-league/profile/psn/LobbyBoyyy/mmr?playlist=11,,9.0,,LobbyBoyyy
,,,Xynzi_Edits,False,False,False,False,False,,https://rocketleague.tracker.network/rocket-league/profile/xbl/Xynzi%20Edits/mmr?playlist=11,,8.5,,Xynzi Edits
,,,KoalaB,False,False,False,False,False,,https://rocketleague.tracker.network/rocket-league/profile/epic/KoalaB420/overview,,8.5,,KoalaB420
,,,brainless chaser,False,False,False,False,False,,https://rocketleague.tracker.network/rocket-league/profile/steam/76561198272396493/overview,,19.0,Free Agent,solo plays enjoyer
,,,instynct,False,False,False,False,False,,https://rocketleague.tracker.network/rocket-league/profile/epic/OrangeMacaw8203/mmr?playlist=11,,19.5,Free Agent,OrangeMacaw8203
,,,itzconnr,False,False,False,False,False,,https://rocketleague.tracker.network/rocket-league/profile/steam/76561198025663861/mmr?playlist=13,,19.5,Free Agent,Itz Connr
,,,ASHES,False,False,False,False,False,,https://rocketleague.tracker.network/rocket-league/profile/steam/76561198174404581/mmr?playlist=13,,19.0,Free Agent,ashes
,,,Fetuggzy,False,False,False,False,False,,https://rocketleague.tracker.network/rocket-league/profile/epic/1.e4%20enjoyer/mmr?playlist=11,,19.0,Free Agent,1.00E+04
,,,kov.o,False,False,False,False,False,,https://rocketleague.tracker.network/rocket-league/profile/epic/kovorl/mmr?playlist=13,,18.5,Free Agent,KovoRL
,,,BajaBlast,False,False,False,False,False,,https://rocketleague.tracker.network/rocket-league/profile/steam/76561198257125730/mmr?playlist=13,,18.5,Free Agent,comfy
,,,benusher,False,False,False,False,False,,https://rocketleague.tracker.network/rocket-league/profile/epic/Bennnnn_/mmr?playlist=11,,18.5,Free Agent,Bennnnn_
,,,Enable,False,False,False,False,False,,https://rocketleague.tracker.network/rocket-league/profile/xbl/Baby%20Sharp/mmr?playlist=11,,18.0,Free Agent,Baby Sharp
,,,Shark,False,False,False,False,False,,https://rocketleague.tracker.network/rocket-league/profile/steam/Lackedshark9/mmr?playlist=11,,18.0,Free Agent,Shark
,,,plier.,False,False,False,False,False,,https://rocketleague.tracker.network/rocket-league/profile/epic/plywood./mmr?playlist=11,,18.0,Free Agent,plywood.
,,,Millsyy,False,False,False,False,False,,https://rocketleague.tracker.network/rocket-league/profile/steam/76561198312812979/mmr?playlist=11,,18.0,Free Agent,Millsy
,,,xiris ,False,False,False,False,False,,https://rocketleague.tracker.network/rocket-league/profile/steam/76561198319670472/mmr?playlist=11 ,,17.5,Free Agent,april
,,,TopKat,False,False,False,False,False,,https://rocketleague.tracker.network/rocket-league/profile/steam/76561198795545457/mmr?playlist=13,,17.5,Free Agent,TK
,,,ThunderTung,False,False,False,False,False,,https://rocketleague.tracker.network/rocket-league/profile/epic/thundertung/mmr?playlist=11,,17.5,Free Agent,ThunderTung
,,,Torro,False,False,False,False,False,,https://rocketleague.tracker.network/rocket-league/profile/steam/76561198272331430/overview,,17.0,Free Agent,Torro
,,,Mo-nx ,False,False,False,False,False,,https://rocketleague.tracker.network/rocket-league/profile/epic/MO-NX/mmr?playlist=11,,17.0,Free Agent,MO-NX
,,,ximidy,False,False,False,False,False,,https://rocketleague.tracker.network/rocket-league/profile/steam/76561199047793899/overview,,17.0,Free Agent,Xim
,,,eggg_man,False,False,False,False,False,,https://rocketleague.tracker.network/rocket-league/profile/steam/76561198370609564/mmr?playlist=11,,17.0,Free Agent,Egg_Man
,,,Fanatic,False,False,False,False,False,,https://rocketleague.tracker.network/rocket-league/profile/epic/Fanatic_37/mmr?playlist=13,,16.5,Free Agent,Fanatic_37
,,,FLOW,False,False,False,False,False,,https://rocketleague.tracker.network/rocket-league/profile/epic/flowchart/mmr?playlist=11,,16.5,Free Agent,kdc
,,,Uncle Rico,False,False,False,False,False,,https://rocketleague.tracker.network/rocket-league/profile/steam/76561198969602635/mmr?playlist=11,,16.5,Free Agent,Uncle Rico
,,,Fly_.87,False,False,False,False,False,,https://rocketleague.tracker.network/rocket-league/profile/epic/FLY_.87/overview,,16.5,Free Agent,Fly_.87
,,,Merely.,False,False,False,False,False,,https://rocketleague.tracker.network/rocket-league/profile/steam/76561198425485424/mmr?playlist=13,,16.0,Free Agent,merely
,,,justward ,False,False,False,False,False,,https://rocketleague.tracker.network/rocket-league/profile/epic/Ward_rl/overview,,16.0,Free Agent,Ward_rl
,,,Biscuitboi,False,False,False,False,False,,https://rocketleague.tracker.network/rocket-league/profile/epic/Biscuitboi./mmr?playlist=11,,16.0,Free Agent,Biscuitboi
,,,Roe,False,False,False,False,False,,https://rocketleague.tracker.network/rocket-league/profile/epic/Roe_UK/mmr?playlist=13,,16.0,Free Agent,Roe_UK
,,,Co.,False,False,False,False,False,,https://rocketleague.tracker.network/rocket-league/profile/steam/76561198922577400/overview,,16.0,Free Agent,Co._.
,,,Coley!,False,False,False,False,False,,https://rocketleague.tracker.network/rocket-league/profile/steam/76561198115090816/mmr?playlist=11,,16.0,Free Agent,Coley!
,,,Lil Grimace,False,False,False,False,False,,https://rocketleague.tracker.network/rocket-league/profile/epic/LiL%20Grimace/mmr?playlist=13,,15.5,Free Agent,Lil Grimace
,,,Hutch,False,False,False,False,False,,https://rocketleague.tracker.network/rocket-league/profile/epic/chunth127/mmr?playlist=11,,15.5,Free Agent,Chunth 127
,,,IrishElmer-,False,False,False,False,False,,https://rocketleague.tracker.network/rocket-league/profile/psn/IrishElmer-/mmr?playlist=11,,15.5,Free Agent,IrishElmer-
,,,Itstriky,False,False,False,False,False,,https://rocketleague.tracker.network/rocket-league/profile/epic/ItzTriky_/mmr?playlist=11,,15.5,Free Agent,Itz Triky_
,,,HiChew,False,False,False,False,False,,https://rocketleague.tracker.network/rocket-league/profile/epic/HiChew.RL/mmr?playlist=13,,15.5,Free Agent,HiChew_rl
,,,itsyaboiyogotti,False,False,False,False,False,,,,15.5,Free Agent,itsyaboiyogotti
,,,aysoni (soon),False,False,False,False,False,,https://rocketleague.tracker.network/rocket-league/profile/epic/hydrofluoric%20aci/mmr?playlist=11,,15.5,Free Agent,aysoni
,,,ZackV,False,False,False,False,False,,https://rocketleague.tracker.network/rocket-league/profile/steam/76561198843692904/mmr?playlist=13,,15.0,Free Agent,ZackV
,,,Smith,False,False,False,False,False,,https://rocketleague.tracker.network/rocket-league/profile/epic/Smithあ/overview,,15.0,Free Agent,Smithあ
,,,Forht,False,False,False,False,False,,https://rocketleague.tracker.network/rocket-league/profile/steam/76561198836888761/mmr?playlist=13,,15.0,Free Agent,FatFurriesHMU
,,,Kazuto,False,False,False,False,False,,https://rocketleague.tracker.network/rocket-league/profile/epic/Kazuto270v/mmr?playlist=13,,15.0,Free Agent,Kazuto270v
,,,Gabb,False,False,False,False,False,,https://rocketleague.tracker.network/rocket-league/profile/epic/Gabb%20sweats/mmr?playlist=11,,15.0,Free Agent,Gabb sweats
,,,Wiggle,False,False,False,False,False,,https://rocketleague.tracker.network/rocket-league/profile/steam/76561198907697782/overview,,15.0,Free Agent,Wiggle
,,,Dub_Dill,False,False,False,False,False,,https://rocketleague.tracker.network/rocket-league/profile/epic/Dub_Dill/mmr?playlist=13,,15.0,Free Agent,Dub_Dill
,,,Goose ,False,False,False,False,False,,https://rocketleague.tracker.network/rocket-league/profile/epic/img00se./mmr?playlist=13,,15.0,Free Agent,img00se
,,,SirCitrix,False,False,False,False,False,,https://rocketleague.tracker.network/rocket-league/profile/steam/76561198087885116/mmr?playlist=11,,15.0,Free Agent,Citrix
,,,Sylver,False,False,False,False,False,,https://rocketleague.tracker.network/rocket-league/profile/epic/Sylver%200_0/overview,,15.0,Free Agent,Sylver 0_0
,,,Quhp ,False,False,False,False,False,,https://rocketleague.tracker.network/rocket-league/profile/steam/76561198071176268/mmr?playlist=13,,15.0,Free Agent,Quhp
,,,Bondo_Rl,False,False,False,False,False,,https://rocketleague.tracker.network/rocket-league/profile/steam/76561198396076514/mmr?playlist=13,,15.0,Free Agent,Bondo ):
,,,Dirt,False,False,False,False,False,,https://rocketleague.tracker.network/rocket-league/profile/steam/76561199027661713/mmr?playlist=11,,15.0,Free Agent,Dirt
,,,Hash,False,False,False,False,False,,https://rocketleague.tracker.network/rocket-league/profile/epic/KamdenRL/overview,,15.0,Free Agent,Evap Hash
,,,Billybob,False,False,False,False,False,,https://rocketleague.tracker.network/rocket-league/profile/epic/bob%20is%20a%20miner/mmr?playlist=11,,15.0,Free Agent,bob is miner
,,,Ghosty,False,False,False,False,False,,https://rocketleague.tracker.network/rocket-league/profile/steam/76561199085163970/mmr?playlist=11,,15.0,Free Agent,Ghosty
,,,xZ Golden Zx,False,False,False,False,False,,https://rocketleague.tracker.network/rocket-league/profile/epic/xZ%20Golden%20Zx/mmr?playlist=11,,15.0,Free Agent,xZ Golden Zx
,,,feel,False,False,False,False,False,,https://rocketleague.tracker.network/rocket-league/profile/epic/Mr-Feel/mmr?playlist=11,,15.0,Free Agent,Mr-Feel
,,,Wooz_e,False,False,False,False,False,,https://rocketleague.tracker.network/rocket-league/profile/epic/Wooz_E_/mmr?playlist=13,,15.0,Free Agent,Wooz_E
,,,Dyll,False,False,False,False,False,,https://rocketleague.tracker.network/rocket-league/profile/steam/76561198868419174/mmr?playlist=11,,15.0,Free Agent,Dyll
,,,Akeldama,False,False,False,False,False,,https://rocketleague.tracker.network/rocket-league/profile/epic/Akeldama%20RL/mmr?playlist=13,,15.0,Free Agent,Akeldama RL
,,,jay_glowz,False,False,False,False,False,,https://rocketleague.tracker.network/rocket-league/profile/xbl/scarxcity/mmr?playlist=13,,14.5,Free Agent,scarxcity
,,,Skye_AverageJoe,False,False,False,False,False,,https://rocketleague.tracker.network/rocket-league/profile/epic/Skye_Averagejoe/mmr?playlist=11,,14.5,Free Agent,Skye_Averagejoe
,,,TheDarkHero,False,False,False,False,False,,https://rocketleague.tracker.network/rocket-league/profile/epic/TheDarkHero77/mmr?playlist=13,,14.5,Free Agent,TheDarkHero77
,,,OneNaughtyCamel,False,False,False,False,False,,https://rocketleague.tracker.network/rocket-league/profile/xbl/OneNaughtyCamel/overview,,14.5,Free Agent,OneNaughtyCamel
,,,xMJRCx,False,False,False,False,False,,https://rocketleague.tracker.network/rocket-league/profile/epic/xMJRCx/overview,,14.5,Free Agent,xMJRCx
,,,zekewho,False,False,False,False,False,,https://rocketleague.tracker.network/rocket-league/profile/steam/76561199063178314/mmr?playlist=11,,14.5,Free Agent,HELP.
,,,LethalBubba,False,False,False,False,False,,https://rocketleague.tracker.network/rocket-league/profile/epic/LethalBubba1/mmr?playlist=11,,14.5,Free Agent,LethalBubba1
,,,Voidz2648 ,False,False,False,False,False,,https://rocketleague.tracker.network/rocket-league/profile/epic/VoidzV2%EF%BE%82/mmr?playlist=11,,14.5,Free Agent,VoidzV2ﾂ
,,,Sheep,False,False,False,False,False,,https://rocketleague.tracker.network/rocket-league/profile/steam/76561198101937878/mmr?playlist=11,,14.5,Free Agent,Sheep
,,,Reflect,False,False,False,False,False,,https://rocketleague.tracker.network/rocket-league/profile/steam/76561198292986825/mmr?playlist=11,,14.5,Free Agent,Reflect315
,,,Xythanus,False,False,False,False,False,,https://rocketleague.tracker.network/rocket-league/profile/epic/Dizplayy./mmr?playlist=11,,14.5,Free Agent,Dizplayy.
,,,Fears,False,False,False,False,False,,https://rocketleague.tracker.network/rocket-league/profile/steam/76561198037182406/mmr?playlist=11,,14.0,Free Agent,Fears
,,,iRJ-__-,False,False,False,False,False,,https://rocketleague.tracker.network/rocket-league/profile/steam/76561199070787149/overview,,14.0,Free Agent,iRJ
,,,Aliassbane,False,False,False,False,False,,https://rocketleague.tracker.network/rocket-league/profile/steam/76561198209055568/mmr?playlist=11,,14.0,Free Agent,Valsbane
,,,BlueMars2,False,False,False,False,False,,https://rocketleague.tracker.network/rocket-league/profile/steam/76561198129111109/mmr?playlist=13,,14.0,Free Agent,BlueMars2
,,,Kurrazo,False,False,False,False,False,,https://rocketleague.tracker.network/rocket-league/profile/steam/76561199134799983/mmr?playlist=11,,14.0,Free Agent,Kurrazo
,,,Ragebox,False,False,False,False,False,,https://rocketleague.tracker.network/rocket-league/profile/steam/76561199029732485/mmr?playlist=11,,14.0,Free Agent,Ragebox05
,,, IamSmittens,False,False,False,False,False,,https://rocketleague.tracker.network/rocket-league/profile/epic/IamSmittens/overview,,14.0,Free Agent,IamSmittens
,,,Kyozo.exe,False,False,False,False,False,,https://rocketleague.tracker.network/rocket-league/profile/steam/76561198304406962/mmr?playlist=11,,14.0,Free Agent,TurKyozo
,,,seanmicha,False,False,False,False,False,,https://rocketleague.tracker.network/rocket-league/profile/epic/yawning%20tbh/mmr?playlist=13,,14.0,Free Agent,yawning
,,,Termz,False,False,False,False,False,,https://rocketleague.tracker.network/rocket-league/profile/steam/76561198280627643/mmr?playlist=13,,14.0,Free Agent,Termz
,,,skewhip,False,False,False,False,False,,https://rocketleague.tracker.network/rocket-league/profile/steam/skewhip/mmr?playlist=13,,14.0,Free Agent,Griffin
,,,BroskiJazz,False,False,False,False,False,,https://rocketleague.tracker.network/rocket-league/profile/steam/76561198047897253/mmr?playlist=13,,14.0,Free Agent,BroskiJAZZ
,,,Hrls.,False,False,False,False,False,,https://rocketleague.tracker.network/rocket-league/profile/steam/76561198325751956/mmr?playlist=11,,14.0,Free Agent,.Hrls
,,,QubeKnight,False,False,False,False,False,,https://rocketleague.tracker.network/rocket-league/profile/steam/76561198089851112/overview,,14.0,Free Agent,QubeKnight
,,,RuthlessSixV2,False,False,False,False,False,,https://rocketleague.tracker.network/rocket-league/profile/xbl/RuthlessSixV2/mmr?playlist=13,,14.0,Free Agent,RuthlessSixV2
,,,Jumping_armadilo,False,False,False,False,False,,https://rocketleague.tracker.network/rocket-league/profile/epic/jumping_armadilo/mmr?playlist=11,,14.0,Free Agent,jumping_armadilo
,,,Perky,False,False,False,False,False,,https://rocketleague.tracker.network/rocket-league/profile/steam/76561198401386309/mmr?playlist=11,,14.0,Free Agent,Perky
,,,olichoo,False,False,False,False,False,,https://rocketleague.tracker.network/rocket-league/profile/epic/olichoo./mmr?playlist=11,,14.0,Free Agent,olichoo
,,,SirBroskiSwaggy,False,False,False,False,False,,https://rocketleague.tracker.network/rocket-league/profile/epic/SirBroskiSwaggy/mmr?playlist=13,,13.5,Free Agent,SirBroskiSwaggy
,,,Jmh187,False,False,False,False,False,,https://rocketleague.tracker.network/rocket-league/profile/epic/Jmh187-/overview,,13.5,Free Agent,itsoneeightseven
,,,Azstrelix,False,False,False,False,False,,https://rocketleague.tracker.network/rocket-league/profile/psn/Azstrelix/mmr?playlist=13,,13.5,Free Agent,Azstrelix
,,,Brad,False,False,False,False,False,,https://rocketleague.tracker.network/rocket-league/profile/epic/BradMcSnackWrap/mmr?playlist=11,,13.5,Free Agent,BradMcSnackWrap
,,,HCG,False,False,False,False,False,,https://rocketleague.tracker.network/rocket-league/profile/epic/Hardcoregames15/mmr?playlist=13,,13.5,Free Agent,Hardcorgames15
,,,Matt12130,False,False,False,False,False,,https://rocketleague.tracker.network/rocket-league/profile/psn/Matt12130/mmr?playlist=13,,13.5,Free Agent,Matt12130
,,,qwntn.,False,False,False,False,False,,https://rocketleague.tracker.network/rocket-league/profile/steam/76561198396186811/mmr?playlist=11,,13.5,Free Agent,qwntn.
,,,Dirty,False,False,False,False,False,,https://rocketleague.tracker.network/rocket-league/profile/epic/Dirtyrl/mmr?playlist=11,,13.5,Free Agent,Dirtyrl
,,,Pander,False,False,False,False,False,,https://rocketleague.tracker.network/rocket-league/profile/epic/HarshWombat38/mmr?playlist=11,,13.5,Free Agent,Pander
,,,hedon,False,False,False,False,False,,https://rocketleague.tracker.network/rocket-league/profile/psn/lil_savaga4400/mmr?playlist=13,,13.5,Free Agent,lil_savaga4400
,,,Senyu,False,False,False,False,False,,https://rocketleague.tracker.network/rocket-league/profile/steam/76561198258630283/mmr?playlist=11,,13.5,Free Agent,Senyu
,,,JDZ,False,False,False,False,False,,https://rocketleague.tracker.network/rocket-league/profile/steam/76561198972359803/mmr?playlist=13,,13.5,Free Agent,JDZ
,,,VBrolo,False,False,False,False,False,,https://rocketleague.tracker.network/rocket-league/profile/epic/vBrolo./mmr?playlist=13 ,,13.0,Free Agent,VBrolo.
,,,CoDean,False,False,False,False,False,,https://rocketleague.tracker.network/rocket-league/profile/epic/CoDean02/mmr?playlist=11,,13.0,Free Agent,CoDean02
,,,a_bearded_dad,False,False,False,False,False,,https://rocketleague.tracker.network/rocket-league/profile/epic/beardedwattitude/mmr?playlist=13,,13.0,Free Agent,BeardedwAttitude
,,,maplesyrup.__.,False,False,False,False,False,,https://rocketleague.tracker.network/rocket-league/profile/epic/MapleSyrup爱/overview,,13.0,Free Agent,MapleSyrup爱
,,,FaXual,False,False,False,False,False,,?,,13.0,Free Agent,FaXual
,,,3xoticmoon,False,False,False,False,False,,https://rocketleague.tracker.network/rocket-league/profile/epic/HagaWaha/mmr?playlist=11,,13.0,Free Agent,HagaWaha 
,,,MLU Legend,False,False,False,False,False,,https://rocketleague.tracker.network/rocket-league/profile/xbl/RSO%20Legend6164/mmr?playlist=13,,13.0,Free Agent,RSO Legend6164
,,,mprunninbig11,False,False,False,False,False,,https://rocketleague.tracker.network/rocket-league/profile/epic/Mprunninbig11/mmr?playlist=11,,13.0,Free Agent,Mprunninbig11
,,,FatandtheFury,False,False,False,False,False,,https://rocketleague.tracker.network/rocket-league/profile/epic/TheFatandFury02/overview,,13.0,Free Agent,TheFatandFury02
,,,Grim,False,False,False,False,False,,https://rocketleague.tracker.network/rocket-league/profile/epic/atabani./mmr?playlist=11,,13.0,Free Agent,ATABANI.
,,,Thepandaman,False,False,False,False,False,,https://rocketleague.tracker.network/rocket-league/profile/epic/ThaPandaMan/mmr?playlist=11,,13.0,Free Agent,ThePandaMan
,,,valsbane,False,False,False,False,False,,?,,13.0,Free Agent,valsbane
,,,sobered.,False,False,False,False,False,,https://rocketleague.tracker.network/rocket-league/profile/epic/aydnn03/mmr?playlist=13,,13.0,Free Agent,Aydnn03
,,,MrFestiveTTV,False,False,False,False,False,,https://rocketleague.tracker.network/rocket-league/profile/epic/Phoenix.TG/mmr?playlist=13,,13.0,Free Agent,Phoenix.TG
,,,Maelstrom,False,False,False,False,False,,https://rocketleague.tracker.network/rocket-league/profile/psn/Maelstrom_12/mmr?playlist=11,,13.0,Free Agent,Maelstrom_12
,,,acxes--,False,False,False,False,False,,https://rocketleague.tracker.network/rocket-league/profile/psn/acxes--/overview,,13.0,Free Agent,acxes--
,,,Liya,False,False,False,False,False,,https://rocketleague.tracker.network/rocket-league/profile/xbl/Nordic2quick/overview https://rocketleague.tracker.network/rocket-league/profile/xbl/Moobaliciouss/mmr?playlist=11,,13.0,Free Agent,Moobaliciouss Nordic2quick
,,,STADDIX,False,False,False,False,False,,https://rocketleague.tracker.network/rocket-league/profile/xbl/STADDIX/mmr?playlist=11,,13.0,Free Agent,STADDIX
,,,Bridey,False,False,False,False,False,,https://rocketleague.tracker.network/rocket-league/profile/steam/76561198120666793/mmr?playlist=11,,13.0,Free Agent,Bridey
,,,A.C.E.E,False,False,False,False,False,,https://rocketleague.tracker.network/rocket-league/profile/epic/A.C.E.E/mmr?playlist=13,,13.0,Free Agent,A.C.E.E
,,,jschafer,False,False,False,False,False,,https://rocketleague.tracker.network/rocket-league/profile/epic/Squiggles772/overview,,13.0,Free Agent,Squiggles772
,,,Shocker,False,False,False,False,False,,https://rocketleague.tracker.network/rocket-league/profile/steam/76561198132443959/mmr?playlist=11,,13.0,Free Agent,Shocker
,,,Shag,False,False,False,False,False,,https://rocketleague.tracker.network/rocket-league/profile/steam/76561198104319396/mmr?playlist=11,,13.0,Free Agent,Shag
,,,TINY,False,False,False,False,False,,https://rocketleague.tracker.network/rocket-league/profile/steam/76561198921280159/mmr?playlist=13,,12.5,Free Agent,TINY
,,,Monty,False,False,False,False,False,,https://rocketleague.tracker.network/rocket-league/profile/epic/MontyChip_/mmr?playlist=13,,12.5,Free Agent,MontyChip
,,,Baltostorm1,False,False,False,False,False,,https://rocketleague.tracker.network/rocket-league/profile/epic/Baltostorm1/overview,,12.5,Free Agent,Baltostorm1
,,,Peepaw,False,False,False,False,False,,https://rocketleague.tracker.network/rocket-league/profile/steam/76561198870221096/mmr?playlist=11,,12.5,Free Agent,PEEPZu
,,,xZendu.,False,False,False,False,False,,https://rocketleague.tracker.network/rocket-league/profile/epic/xZendu./mmr?playlist=13,,12.5,Free Agent,xZendu.
,,,Yamborghini55,False,False,False,False,False,,https://rocketleague.tracker.network/rocket-league/profile/psn/Yamborghinii55/mmr?playlist=13,,12.5,Free Agent,Yamborghinii55
,,,mghtym0use380,False,False,False,False,False,,https://rocketleague.tracker.network/rocket-league/profile/epic/mghtym0use380/mmr?playlist=11,,12.5,Free Agent,mghtym0use380
,,,Peepaw,False,False,False,False,False,,https://rocketleague.tracker.network/rocket-league/profile/steam/76561198870221096/mmr?playlist=11,,12.5,Free Agent,PEEPZu
,,,AkTION,False,False,False,False,False,,https://rocketleague.tracker.network/rocket-league/profile/steam/76561199024923434/mmr?playlist=11,,12.5,Free Agent,AkTION
,,,poison906light,False,False,False,False,False,,https://rocketleague.tracker.network/rocket-league/profile/epic/death5826/mmr?playlist=11,,12.5,Free Agent,death5826
,,,jerrbear37,False,False,False,False,False,,https://rocketleague.tracker.network/rocket-league/profile/epic/jerrbear%20RL/mmr?playlist=13,,12.5,Free Agent,jerrbear37
,,,Hazy,False,False,False,False,False,,https://rocketleague.tracker.network/rocket-league/profile/epic/Hazy_Powers98/mmr?playlist=11,,12.5,Free Agent,Hazy_Powers98
,,,Xavier_Wolf,False,False,False,False,False,,https://rocketleague.tracker.network/rocket-league/profile/epic/XavierStarwolf/mmr?playlist=11,,12.5,Free Agent,XavierStarwolf
,,,MrMayhem_NC,False,False,False,False,False,,https://rocketleague.tracker.network/rocket-league/profile/epic/MrMayhem_Nc/mmr?playlist=11,,12.5,Free Agent,MrMayhem_Nc
,,,Hemdawg93,False,False,False,False,False,,https://rocketleague.tracker.network/rocket-league/profile/psn/Hemdawg93/mmr?playlist=11,,12.5,Free Agent,Hemdawg93
,,,VoidKill-,False,False,False,False,False,,https://rocketleague.tracker.network/rocket-league/profile/epic/VoidKill-/mmr?playlist=11,,12.5,Free Agent,VoidKill-
,,,SteelCityRL,False,False,False,False,False,,https://rocketleague.tracker.network/rocket-league/profile/psn/Huggins-_-/mmr?playlist=11,,12.5,Free Agent,Huggins-_-
,,,Roz,False,False,False,False,False,,https://rocketleague.tracker.network/rocket-league/profile/epic/RozLikesPotatoes/mmr?playlist=13,,12.5,Free Agent,RozLikesPotatoes
,,,Thunderca,False,False,False,False,False,,https://rocketleague.tracker.network/rocket-league/profile/steam/76561198167478345/mmr?playlist=11,,12.5,Free Agent,Thunderca
,,,Kaiyo,False,False,False,False,False,,https://rocketleague.tracker.network/rocket-league/profile/steam/76561198371178434/overview,,12.0,Free Agent,The Postman
,,,BoogerBear,False,False,False,False,False,,https://rocketleague.tracker.network/rocket-league/profile/epic/BoogerBear5067/mmr?playlist=11,,12.0,Free Agent,BoogerBear5067
,,,Jellydragon,False,False,False,False,False,,https://rocketleague.tracker.network/rocket-league/profile/psn/jelllydragon/mmr?playlist=11,,12.0,Free Agent,jellydrangon
,,,YeaKaiu,False,False,False,False,False,,https://rocketleague.tracker.network/rocket-league/profile/epic/Kaiu%E3%83%83/overview,,12.0,Free Agent,Alan
,,,GGxkr1ppy/izakg,False,False,False,False,False,,https://rocketleague.tracker.network/rocket-league/profile/epic/GGxkr1ppy/mmr?playlist=11,,12.0,Free Agent,GGxkr1ppy
,,,SRSExKAOS,False,False,False,False,False,,https://rocketleague.tracker.network/rocket-league/profile/epic/SRSExKAOS/mmr?playlist=11,,12.0,Free Agent,SRSExKAOS
,,,123ethan39,False,False,False,False,False,,https://rocketleague.tracker.network/rocket-league/profile/psn/captain_soccer24/mmr?playlist=13,,12.0,Free Agent,captain_soccer24
,,,Jay The Juiceman,False,False,False,False,False,,https://rocketleague.tracker.network/rocket-league/profile/epic/Jay%20Da%20Juiceman/mmr?playlist=13,,12.0,Free Agent,Jay Da Juiceman
,,,ayijuse,False,False,False,False,False,,https://rocketleague.tracker.network/rocket-league/profile/epic/Ayijuse/overview,,12.0,Free Agent,Ayijuse
,,,HeckaHansen,False,False,False,False,False,,https://rocketleague.tracker.network/rocket-league/profile/xbl/heckahansen/mmr?playlist=13,,12.0,Free Agent,HeckaHansen
,,,HK_BadBoy,False,False,False,False,False,,https://rocketleague.tracker.network/rocket-league/profile/steam/76561198100776203/mmr?playlist=13,,12.0,Free Agent,KCC | HK_BadBoy
,,,smurfyy.,False,False,False,False,False,,https://rocketleague.tracker.network/rocket-league/profile/psn/itzsmurfyy/mmr?playlist=11,,12.0,Free Agent,itzsmurfyy
,,,Psych,False,False,False,False,False,,https://rocketleague.tracker.network/rocket-league/profile/epic/xPsych99x/mmr?playlist=13,,12.0,Free Agent,Psych
,,,Obsidian_Bear,False,False,False,False,False,,https://rocketleague.tracker.network/rocket-league/profile/steam/76561198327338361/mmr?playlist=13,,12.0,Free Agent,Obsidian_Bear
,,,ibelittleman,False,False,False,False,False,,https://rocketleague.tracker.network/rocket-league/profile/epic/ibelittlemann/mmr?playlist=11,,11.5,Free Agent,ibelittleman
,,,Squab,False,False,False,False,False,,https://rocketleague.tracker.network/rocket-league/profile/steam/76561198838835319/overview,,11.5,Free Agent,Squab
,,,J_Beast_200,False,False,False,False,False,,https://rocketleague.tracker.network/rocket-league/profile/epic/J_Beast_200/mmr?playlist=11,,11.5,Free Agent,J_Beast_200
,,,brd,False,False,False,False,False,,https://rocketleague.tracker.network/rocket-league/profile/epic/brdtrd999/mmr?playlist=11,,11.5,Free Agent,brdtrd999
,,,juanertizer,False,False,False,False,False,,https://rocketleague.tracker.network/rocket-league/profile/steam/76561198052576618/mmr?playlist=11,,11.5,Free Agent,juanertizer
,,,TTV_Lnazty,False,False,False,False,False,,https://rocketleague.tracker.network/rocket-league/profile/epic/TTV_Lnazty/mmr?playlist=11,,11.5,Free Agent,TTV_Lnazty
,,,Angel,False,False,False,False,False,,https://rocketleague.tracker.network/rocket-league/profile/psn/Angelofthebronx/mmr?playlist=13,,11.0,Free Agent,Angelofthebronx
,,,pilot,False,False,False,False,False,,https://rocketleague.tracker.network/rocket-league/profile/epic/MajorPilots/mmr?playlist=11,,11.0,Free Agent,MajorPilot
,,,thejoker21,False,False,False,False,False,,https://rocketleague.tracker.network/rocket-league/profile/psn/Sgt_Ninja23/mmr?playlist=13,,11.0,Free Agent,Sgt_Ninja
,,,NWXL,False,False,False,False,False,,https://rocketleague.tracker.network/rocket-league/profile/epic/NorseWolfXL/mmr?playlist=11,,11.0,Free Agent,NorseWolfXL
,,,JimGameGuru,False,False,False,False,False,,https://rocketleague.tracker.network/rocket-league/profile/epic/jim%20game%20guru/mmr?playlist=11,,11.0,Free Agent,Jim Game Guru
,,,ItsYoBoiChad,False,False,False,False,False,,https://rocketleague.tracker.network/rocket-league/profile/steam/76561198264607752/mmr?playlist=11,,11.0,Free Agent,ItsYoBoiChad
,,,Leo,False,False,False,False,False,,https://rocketleague.tracker.network/rocket-league/profile/epic/Llieoo/mmr?playlist=11,,11.0,Free Agent,Leo361822
,,,MR_DUBAR,False,False,False,False,False,,https://rocketleague.tracker.network/rocket-league/profile/steam/76561198268754406/mmr?playlist=11,,11.0,Free Agent,UCANTBEAT1
,,,F3AR,False,False,False,False,False,,https://rocketleague.tracker.network/rocket-league/profile/epic/STGF3AR/mmr?playlist=13,,11.0,Free Agent,STGF3AR
,,,upyours,False,False,False,False,False,,https://rocketleague.tracker.network/rocket-league/profile/epic/pewpew_86/mmr?playlist=13,,11.0,Free Agent,pewpew_86
,,,Jame,False,False,False,False,False,,https://rocketleague.tracker.network/rocket-league/profile/steam/76561198283023498/mmr?playlist=11,,10.5,Free Agent,Brisk
,,,GG Pretzel,False,False,False,False,False,,https://rocketleague.tracker.network/rocket-league/profile/epic/pretzel%20._./mmr?playlist=13,,10.5,Free Agent,Pretzel._.
,,,Mortal_Gaming,False,False,False,False,False,,https://rocketleague.tracker.network/rocket-league/profile/steam/76561198084484062/mmr?playlist=11,,10.5,Free Agent,Mortal
,,,Jdmfolyfe00,False,False,False,False,False,,https://rocketleague.tracker.network/rocket-league/profile/epic/CleanDragon845/mmr?playlist=11,,10.5,Free Agent,CleanDragon845
,,,montreyhydro,False,False,False,False,False,,https://rocketleague.tracker.network/rocket-league/profile/epic/monteryhydra/overview,,10.5,Free Agent,monteryhydra
,,,KrimsonWrath,False,False,False,False,False,,https://rocketleague.tracker.network/rocket-league/profile/epic/KrimsonWrath/mmr?playlist=11,,10.5,Free Agent,KrimsonWrath
,,,Penney,False,False,False,False,False,,https://rocketleague.tracker.network/rocket-league/profile/xbl/I%20Pennxy%20I/mmr?playlist=13,,10.5,Free Agent,Penney
,,,Connor,False,False,False,False,False,,https://rocketleague.tracker.network/rocket-league/profile/psn/meathead-lcfc435/mmr?playlist=11,,10.5,Free Agent,meathead-lcfc435
,,,maccthesnacc,False,False,False,False,False,,https://rocketleague.tracker.network/rocket-league/profile/epic/maccthesnacc1/mmr?playlist=13,,10.5,Free Agent,maccthesnacc1
,,,beardedjackyl27,False,False,False,False,False,,https://rocketleague.tracker.network/rocket-league/profile/xbl/BEARDEDJACKYL/mmr?playlist=11,,10.0,Free Agent,beardedjackyl27
,,,ON3xN3T,False,False,False,False,False,,https://rocketleague.tracker.network/rocket-league/profile/epic/ON3xN3T/mmr?playlist=13,,10.0,Free Agent,ON3xN3T
,,,Yo-Mikey,False,False,False,False,False,,https://rocketleague.tracker.network/rocket-league/profile/epic/Viper-Mike/mmr?playlist=13,,10.0,Free Agent,Viper-Mike
,,,Runix _League,False,False,False,False,False,,https://rocketleague.tracker.network/rocket-league/profile/psn/Run1x-_-/overview,,10.0,Free Agent,Run1x-_-
,,,Chucky,False,False,False,False,False,,https://rocketleague.tracker.network/rocket-league/profile/epic/Chvcklez./overview,,10.0,Free Agent,iiTzChucky
,,,MR. Popo,False,False,False,False,False,,https://rocketleague.tracker.network/rocket-league/profile/epic/xXPOW-TA-TOEXx/mmr?playlist=11,,9.5,Free Agent,xXPOW-TA-TOEXx
,,,tyrone,False,False,False,False,False,,https://rocketleague.tracker.network/rocket-league/profile/psn/Pr0ph3zy_Sniper/mmr?playlist=11,,9.5,Free Agent,Pr0ph3zy_Sniper
,,,Kazzop ,False,False,False,False,False,,https://rocketleague.tracker.network/rocket-league/profile/epic/KazzopRL/mmr?playlist=11,,9.5,Free Agent,KazzopRL
,,,Eviljoker,False,False,False,False,False,,https://rocketleague.tracker.network/rocket-league/profile/epic/EvilJOKER33366/mmr?playlist=13,,9.0,Free Agent,EvilJOKER33366
,,,grand_caw_og,False,False,False,False,False,,https://rocketleague.tracker.network/rocket-league/profile/epic/Ka_Astral/mmr?playlist=13,,9.0,Free Agent,Ka_Astral
,,,AverageBrooski,False,False,False,False,False,,https://rocketleague.tracker.network/rocket-league/profile/epic/AverageBrooski/mmr?playlist=11,,9.0,Free Agent,AverageBrooski
,,,Luzion_zx,False,False,False,False,False,,https://rocketleague.tracker.network/rocket-league/profile/psn/Luzion_zx/overview,,9.0,Free Agent,Luzion_zx
,,,Rada,False,False,False,False,False,,https://rocketleague.tracker.network/rocket-league/profile/steam/76561198146158514/mmr?playlist=13,,8.5,Free Agent,Rada
,,,Tbone.,False,False,False,False,False,,https://rocketleague.tracker.network/rocket-league/profile/epic/Tbone%20%E3%83%83/mmr?playlist=13,,7.0,Free Agent,Tbone ッ
,,,IAmAlyssaBee,False,False,False,False,False,,https://rocketleague.tracker.network/rocket-league/profile/epic/IAmAlyssaBee/mmr?playlist=13,,6.5,Free Agent,IAmAlyssaBee
